song_id,song_url,song_name,num_plays
1,/song:1945,1945,0
2,/song:30-days-out,30 Days Out,0
3,/song:4th-of-july-asbury-park-sandy,"4th Of July, Asbury Park (Sandy)",287
4,/song:500-miles,500 Miles,1
5,/song:57-channels-and-nothin-on,57 Channels (And Nothin' On),113
6,/song:634-5789-soulsville-u-s-a,"634-5789 (Soulsville, U.S.A.)",66
7,/song:7-rooms-of-gloom,7 Rooms Of Gloom,0
8,/song:96-tears,96 Tears,6
9,/song:a-change-is-gonna-come,A Change Is Gonna Come,2
10,/song:achy-breaky-heart,Achy Breaky Heart,1
11,/song:across-the-border,Across The Border,157
12,/song:across-the-borderline,Across The Borderline,21
13,/song:action-in-the-streets,Action In The Streets,25
14,/song:adam-raised-a-cain,Adam Raised A Cain,330
15,/song:addicted-to-romance,Addicted To Romance,0
16,/song:a-fine-fine-boy-girl,A Fine Fine Boy (Girl),8
17,/song:a-good-life,A Good Life,2
18,/song:a-good-man-is-hard-to-find-pittsburgh,A Good Man Is Hard To Find (Pittsburgh),3
19,/song:a-hard-day-s-night,A Hard Day's Night,1
20,/song:a-hard-rain-s-a-gonna-fall,A Hard Rain's A-Gonna Fall,0
21,/song:ain-t-gonna-lose-it-this-time,Ain't Gonna Lose It This Time,0
22,/song:ain-t-good-enough-for-you,Ain't Good Enough For You,7
23,/song:ain-t-got-you,Ain't Got You,55
24,/song:ain-t-it-strange,Ain't It Strange,2
25,/song:ain-t-that-a-shame,Ain't That A Shame,6
26,/song:ain-t-that-lovin-you-baby,Ain't That Lovin' You Baby,2
27,/song:ain-t-that-peculiar,Ain't That Peculiar,1
28,/song:ain-t-too-proud-to-beg,Ain't Too Proud To Beg,9
29,/song:a-life-full-of-rain,A Life Full Of Rain,0
30,/song:alison,Alison,1
31,/song:all-along-the-watchtower,All Along The Watchtower,5
32,/song:allentown,Allentown,1
33,/song:all-i-can-do-is-dream-you,(All I Can Do Is) Dream You,3
34,/song:all-i-have-to-do-is-dream,All I Have To Do Is Dream,3
35,/song:all-i-m-thinkin-about,All I'm Thinkin' About,29
36,/song:all-i-need,All I Need,1
37,/song:all-i-needed-was-you,All I Needed Was You,2
38,/song:all-i-wanna-know,All I Wanna Know,0
39,/song:all-i-want-to-do-is-dance,All I Want To Do Is Dance,3
40,/song:all-just-to-get-to-you,All Just To Get To You,8
41,/song:all-or-nothin-at-all,All Or Nothin' At All,13
42,/song:all-shook-up,All Shook Up,2
43,/song:all-that-heaven-will-allow,All That Heaven Will Allow,87
44,/song:all-the-way-home,All The Way Home,32
45,/song:alone,Alone,1
46,/song:a-love-so-fine,A Love So Fine,33
47,/song:always-a-friend,Always A Friend,4
48,/song:a-matter-of-trust,A Matter Of Trust,1
49,/song:amazing-grace,Amazing Grace,0
50,/song:amen,Amen,1
51,/song:america,America,1
52,/song:american-babylon,American Babylon,8
53,/song:american-beauty,American Beauty,1
54,/song:american-land,American Land,259
55,/song:american-man,American Man,0
56,/song:american-music,American Music,1
57,/song:american-skin-41-shots,American Skin (41 Shots),125
58,/song:american-slang,American Slang,1
59,/song:america-the-beautiful,America The Beautiful,0
60,/song:america-under-fire,America Under Fire,3
61,/song:amplifier-blues,Amplifier Blues,1
62,/song:an-der-schoenen-blauen-donau,An Der Schönen Blauen Donau,0
63,/song:angel-baby,Angel Baby,1
64,/song:angel-eyes,Angel Eyes (Frank Sinatra),1
65,/song:angel-eyes-steven-van-zandt,Angel Eyes (Little Steven & The Disciples Of Soul),0
66,/song:angel-in-the-alleyways,Angel In The Alleyways,0
67,/song:angel-s-blues,Angel's Blues,1
68,/song:angelyne,Angelyne,1
69,/song:a-night-like-this,A Night Like This,2
70,/song:a-night-with-the-jersey-devil,A Night With The Jersey Devil,2
71,/song:another-saturday-night,Another Saturday Night,0
72,/song:another-thin-line,Another Thin Line,14
73,/song:any-other-way,Any Other Way,0
74,/song:apache,Apache,2
75,/song:apollo-medley,Apollo Medley,0
76,/song:arabian-nights,Arabian Nights,2
77,/song:a-rianxeira,A Rianxeira,0
78,/song:around-and-around,Around And Around,34
79,/song:a-satisfied-mind,A Satisfied Mind,1
80,/song:as-long-as-i-can-be-with-you,As Long As I (Can Be With You),9
81,/song:a-story,A Story,1
82,/song:a-teenager-in-love,A Teenager In Love,2
83,/song:atlantic-city,Atlantic City,388
84,/song:auatc,AUATC,0
85,/song:au-clair-de-la-lune,Au clair de la lune,0
86,/song:auld-lang-syne,Auld Lang Syne,2
87,/song:a-winter-s-revelation-in-9-illusions,A Winter's Revelation (In 9 Illusions),1
88,/song:a-woman-s-got-the-power,A Woman's Got The Power,2
89,/song:baby-doll,Baby Doll,1
90,/song:baby-i,Baby I,0
91,/song:baby-i-love-you,"Baby, I Love You",7
92,/song:baby-i-m-a-star,Baby I'm A Star,1
93,/song:baby-i-ve-been-missing-you,"Baby, I've Been Missing You",0
94,/song:baby-please-don-t-go,"Baby, Please Don't Go",1
95,/song:baby-what-you-want-me-to-do,Baby What You Want Me To Do,1
96,/song:baby-workout,Baby Workout,0
97,/song:back-door-man,Back Door Man,1
98,/song:back-in-the-u-s-a,Back In The U.S.A.,4
99,/song:back-in-your-arms,Back In Your Arms,34
100,/song:backstreets,Backstreets,576
101,/song:bad-day,Bad Day,3
102,/song:badlands,Badlands,1297
103,/song:bad-luck,Bad Luck,3
104,/song:bad-moon-rising,Bad Moon Rising,10
105,/song:balboa-park,Balboa Park,122
106,/song:ballad-of-a-self-loading-pistol,Ballad Of A Self-loading Pistol,0
107,/song:ballad-of-easy-rider,Ballad Of Easy Rider,2
108,/song:ball-and-chain,Ball And Chain,1
109,/song:bama-lama-bama-loo,Bama Lama Bama Loo,3
110,/song:barbara-ann,Barbara Ann,3
111,/song:barefootin,Barefootin',1
112,/song:beast-of-burden,Beast Of Burden,2
113,/song:be-bop-a-lula,Be-Bop-A-Lula,1
114,/song:because-the-night,Because The Night,583
115,/song:beer-barrel-polka,Beer Barrel Polka,2
116,/song:be-my-baby,Be My Baby,6
117,/song:beneath-the-floodline,Beneath The Floodline,1
118,/song:be-true,Be True,91
119,/song:be-true-to-your-school,Be True To Your School,0
120,/song:better-days,Better Days,151
121,/song:better-man,Better Man,1
122,/song:better-things-tom-donovan,Better Things (Solar Circus),1
123,/song:better-things,Better Things (The Kinks),0
124,/song:better-to-have-and-not-need,Better To Have And Not Need,0
125,/song:betty-jean,Betty Jean,2
126,/song:big-black-heaven,Big Black Heaven,0
127,/song:big-boss-man,Big Boss Man,1
128,/song:big-yellow-taxi,Big Yellow Taxi,1
129,/song:billy-s-waltz,Billy's Waltz,0
130,/song:birthday,Birthday,1
131,/song:bishop-danced,Bishop Danced,8
132,/song:black-books,Black Books,2
133,/song:black-boots,Black Boots,0
134,/song:black-cowboys,Black Cowboys,19
135,/song:black-ladder,Black Ladder,1
136,/song:black-sun-rising,Black Sun Rising,2
137,/song:bless-my-soul,Bless My Soul,4
138,/song:blinded-by-the-light,Blinded By The Light,88
139,/song:blood-brothers,Blood Brothers,12
140,/song:blowin-down-this-road,Blowin' Down This Road,8
141,/song:blowin-in-the-wind,Blowin' In The Wind,2
142,/song:blue-angel,Blue Angel,2
143,/song:blue-bayou,Blue Bayou,2
144,/song:blue-christmas,Blue Christmas,5
145,/song:blues-guitar-riff-high-fidelity,Blues Guitar Riff (High Fidelity),0
146,/song:blue-suede-shoes,Blue Suede Shoes,1
147,/song:bobby-jean,Bobby Jean,717
148,/song:bo-diddley,Bo Diddley,1
149,/song:bony-moronie,Bony Moronie,2
150,/song:boogaloo-down-broadway,Boogaloo Down Broadway,1
151,/song:book-of-dreams,Book Of Dreams,10
152,/song:boom-boom,Boom Boom,58
153,/song:border-guard,Border Guard,1
154,/song:born-in-the-u-s-a,Born In The U.S.A.,1121
155,/song:born-on-the-bayou,Born On The Bayou,7
156,/song:born-to-be-wild,Born To Be Wild,5
157,/song:born-to-run,Born To Run,1818
158,/song:bottle-of-red-wine,Bottle Of Red Wine,1
159,/song:boys,Boys,1
160,/song:brand-new-cadillac,Brand New Cadillac,2
161,/song:breakaway,Breakaway,0
162,/song:break-on-through-to-the-other-side,Break On Through (To The Other Side),1
163,/song:bridal-chorus,Bridal Chorus,0
164,/song:bridge-over-troubled-water,Bridge Over Troubled Water,1
165,/song:bright-lights-big-city,"Bright Lights, Big City",4
166,/song:brilliant-disguise,Brilliant Disguise,454
167,/song:bring-em-home,Bring 'Em Home,19
168,/song:bring-it-on-home-to-me,Bring It On Home To Me,2
169,/song:bring-on-the-night,Bring On The Night,0
170,/song:bristol-stomp,Bristol Stomp,1
171,/song:broken-radio,Broken Radio,3
172,/song:broken-wheel,Broken Wheel,0
173,/song:brother-john-is-gone,Brother John Is Gone,1
174,/song:brothers-under-the-bridge,Brothers Under The Bridge,95
175,/song:brothers-under-the-bridges-83,Brothers Under The Bridges ('83),0
176,/song:brown-eyed-girl,Brown Eyed Girl,14
177,/song:buddy-brown-s-blues-98-degree-blues,Buddy Brown's Blues (98 Degree Blues),0
178,/song:buffalo-gals,Buffalo Gals,25
179,/song:burning-love,Burning Love,8
180,/song:burnin-train,Burnin' Train,9
181,/song:bye-bye-johnny,Bye Bye Johnny,3
182,/song:cadillac-ranch,Cadillac Ranch,508
183,/song:california-blues,California Blues,2
184,/song:california-girls,California Girls,1
185,/song:california-sun,California Sun,3
186,/song:call-to-the-post,Call To The Post,0
187,/song:camilla-horn,Camilla Horn,0
188,/song:candy-man,Candy Man,3
189,/song:candy-s-boy,Candy's Boy,1
190,/song:candy-s-room,Candy's Room,316
191,/song:can-i-get-a-witness,Can I Get A Witness,3
192,/song:can-t-buy-me-love,Can't Buy Me Love,0
193,/song:can-t-help-falling-in-love,Can't Help Falling In Love,68
194,/song:can-t-stand-losing-you,Can't Stand Losing You,1
195,/song:can-t-teach-an-old-dog-new-tricks,Can't Teach An Old Dog New Tricks,0
196,/song:carnival-song,Carnival Song,1
197,/song:carol,Carol,36
198,/song:carolina-in-my-mind,Carolina In My Mind,1
199,/song:car-wash,Car Wash,5
200,/song:catch-the-wind,Catch The Wind,1
201,/song:cathy-s-clown,Cathy's Clown,1
202,/song:cautious-man,Cautious Man,13
203,/song:c-c-rider,C.C. Rider,8
204,/song:centerfield,Centerfield,9
205,/song:chain-lightning,Chain Lightning,0
206,/song:chain-of-fools,Chain Of Fools,1
207,/song:chains,Chains,1
208,/song:chain-smokin,Chain Smokin',9
209,/song:changes,Changes,1
210,/song:changing-children,Changing Children,4
211,/song:chapel-of-love,Chapel Of Love,0
212,/song:chasin-wild-horses,Chasin' Wild Horses,1
213,/song:cheap-motel,Cheap Motel,0
214,/song:cherokee-queen,Cherokee Queen,3
215,/song:chicken-lips-and-lizard-hips,Chicken Lips And Lizard Hips,0
216,/song:chicken-shack-boogie,Chicken Shack Boogie,1
217,/song:children-s-song,Children's Song,0
218,/song:chimes-of-freedom,Chimes Of Freedom,42
219,/song:chinatown,Chinatown,2
220,/song:christmas-baby-please-come-home,Christmas (Baby Please Come Home),10
221,/song:christmas-day,Christmas Day,7
222,/song:cindy,Cindy,1
223,/song:circle,Circle,1
224,/song:circus-march,Circus March,1
225,/song:city-of-night,City Of Night,1
226,/song:clampdown,Clampdown,10
227,/song:claudette,Claudette,2
228,/song:clouds,Clouds,1
229,/song:club-soul-city,Club Soul City,2
230,/song:code-of-silence,Code Of Silence,27
231,/song:cold-sweat,Cold Sweat,2
232,/song:coma-girl,Coma Girl,1
233,/song:come-a-little-bit-closer,Come A Little Bit Closer,1
234,/song:come-on,Come On,4
235,/song:come-on-billy-break-out-the-wine,Come On Billy (Break Out The Wine),4
236,/song:come-on-let-s-go,"Come On, Let's Go",9
237,/song:come-on-let-s-go-tonight,Come On (Let's Go Tonight),3
238,/song:come-on-over-to-my-place,Come On Over To My Place,5
239,/song:come-softly-to-me,Come Softly To Me,1
240,/song:come-together,Come Together,2
241,/song:comin-down-maria,Comin' Down Maria,0
242,/song:coming-home,Coming Home,4
243,/song:confessin-the-blues,Confessin' The Blues,1
244,/song:cotton-fields,Cotton Fields,1
245,/song:could-die-young-tonight,Could Die Young Tonight,1
246,/song:countin-on-a-miracle,Countin' On A Miracle,71
247,/song:county-fair,County Fair,4
248,/song:cover-me,Cover Me,353
249,/song:cowboys-of-the-sea,Cowboys Of The Sea,5
250,/song:crazy-love,Crazy Love,3
251,/song:cross-my-heart,Cross My Heart,6
252,/song:crossroads,Crossroads,2
253,/song:crown-liquor,Crown Liquor,2
254,/song:crush-on-you,Crush On You,84
255,/song:crying,Crying,8
256,/song:crying-in-the-chapel,Crying In The Chapel,1
257,/song:crying-in-the-rain,Crying In The Rain,1
258,/song:crystal,Crystal,1
259,/song:cry-to-me,Cry To Me,3
260,/song:cupid,Cupid,0
261,/song:cupid-sam-cooke,Cupid (Sam Cooke),4
262,/song:cuts-like-a-knife,Cuts Like A Knife,3
263,/song:cynthia,Cynthia,15
264,/song:da-doo-ron-ron,Da Doo Ron Ron,3
265,/song:dance-dance-dance,Dance Dance Dance,5
266,/song:dancing-in-the-dark,Dancing In The Dark,1133
267,/song:dancing-in-the-street,Dancing In The Street,8
268,/song:danny-boy,Danny Boy,1
269,/song:dark-and-bloody-ground,Dark And Bloody Ground,7
270,/song:darkness-darkness,"Darkness, Darkness",4
271,/song:darkness-on-the-edge-of-town,Darkness On The Edge Of Town,754
272,/song:darktown-strutters-ball,Darktown Strutters' Ball,0
273,/song:darlington-county,Darlington County,423
274,/song:day-tripper,Day Tripper,0
275,/song:dead-flowers,Dead Flowers,1
276,/song:dead-man-walkin,Dead Man Walkin',25
277,/song:dear-lady-twist,Dear Lady Twist,1
278,/song:dear-mr-fantasy,Dear Mr. Fantasy,1
279,/song:death-of-a-good-man,Death Of A Good Man,1
280,/song:death-to-my-hometown,Death To My Hometown,208
281,/song:deck-the-halls,Deck The Halls,0
282,/song:dedication,Dedication,1
283,/song:deja-vu-all-over-again,Deja Vu (All Over Again),8
284,/song:deportee-plane-wreck-at-los-gatos,Deportee (Plane Wreck At Los Gatos),0
285,/song:desde-santurce-a-bilbao,Desde Santurce a Bilbao,0
286,/song:detroit-medley,Detroit Medley,419
287,/song:devil-on-taylor-mills-road,Devil On Taylor Mills Road,0
288,/song:devil-s-arcade,Devil's Arcade,76
289,/song:devils-dust,Devils & Dust,124
290,/song:devil-with-the-blue-dress,Devil With The Blue Dress,1
291,/song:diamonds-by-the-yard,Diamonds By The Yard,1
292,/song:diddy-wah-diddy,Diddy Wah Diddy,7
293,/song:did-you-say-such-a-thing,Did You Say Such A Thing,0
294,/song:dimples,Dimples,1
295,/song:dirty-rotten-shame,Dirty Rotten Shame,1
296,/song:dirty-water,Dirty Water,12
297,/song:disgusted,Disgusted,1
298,/song:disorder-in-the-house,Disorder In The House,0
299,/song:does-this-bus-stop-at-82nd-street,Does This Bus Stop At 82nd Street?,172
300,/song:do-i-love-you-indeed-i-do,Do I Love You (Indeed I Do),3
301,/song:do-it-again,Do It Again,1
302,/song:do-it-with-a-feeling,Do It With A Feeling,4
303,/song:dollhouse,Dollhouse,4
304,/song:domino,Domino,3
305,/song:don-t-back-down,Don't Back Down,0
306,/song:don-t-be-cruel,Don't Be Cruel,3
307,/song:don-t-change,Don't Change,4
308,/song:don-t-hang-up,Don't Hang Up,1
309,/song:don-t-let-me-be-misunderstood,Don't Let Me Be Misunderstood,1
310,/song:don-t-look-back,Don't Look Back,47
311,/song:don-t-look-back-71,Don't Look Back ('71),1
312,/song:don-t-play-that-song,Don't Play That Song,13
313,/song:don-t-stop-believin,Don't Stop Believin',2
314,/song:don-t-you-just-know-it,Don't You Just Know It,0
315,/song:don-t-you-touch-that-thing,Don't You Touch That Thing,0
316,/song:double-shot-of-my-baby-s-love,Double Shot (Of My Baby's Love),8
317,/song:downbound-train,Downbound Train,189
318,/song:down-by-the-river,Down By The River,3
319,/song:down-in-the-hole,Down In The Hole,0
320,/song:down-in-the-valley,Down In The Valley,1
321,/song:down-the-road-apiece,Down The Road Apiece,21
322,/song:down-to-mexico,Down To Mexico,5
323,/song:down-to-the-riverside,Down To The Riverside,3
324,/song:do-you-hear-what-i-hear,Do You Hear What I Hear?,1
325,/song:do-you-love-me,Do You Love Me,136
326,/song:do-you-remember-rock-n-roll-radio,Do You Remember Rock 'N' Roll Radio?,1
327,/song:do-you-want-to-dance,Do You Want To Dance,2
328,/song:dream-baby-dream,Dream Baby Dream,79
329,/song:dream-baby-how-long-must-i-dream,Dream Baby (How Long Must I Dream),2
330,/song:drift-away,Drift Away,4
331,/song:drinkin-wine-spo-dee-o-dee,"Drinkin' Wine, Spo-Dee-O-Dee",1
332,/song:drive-all-night,Drive All Night,100
333,/song:drive-fast-the-stuntman,Drive Fast (The Stuntman),1
334,/song:dry-lightning,Dry Lightning,127
335,/song:ds-vogellisi,Ds'Vogellisi,0
336,/song:dustland,Dustland,1
337,/song:easier-said-than-done,Easier Said Than Done,0
338,/song:east-carson-street,East Carson Street,0
339,/song:easy-money,Easy Money,21
340,/song:el-baile-de-los-pajaritos,El Baile de los Pajaritos,0
341,/song:eleanor-rigby,Eleanor Rigby,2
342,/song:empty-sky,Empty Sky,177
343,/song:endless-night,Endless Night,0
344,/song:en-er-mundo,En er mundo,0
345,/song:en-yndig-og-frydefuld-sommertid,En yndig og frydefuld sommertid,0
346,/song:erie-canal,Erie Canal,58
347,/song:espana-cani,España Cañi,0
348,/song:everybody-needs-somebody-to-love,Everybody Needs Somebody To Love,2
349,/song:everybody-s-trying-to-be-my-baby,Everybody's Trying To Be My Baby,1
350,/song:every-breath-you-take,Every Breath You Take,7
351,/song:every-day-i-have-the-blues,Every Day I Have The Blues,1
352,/song:everything-i-do-leads-me-back-to-you,Everything I Do (Leads Me Back To You),0
353,/song:everything-s-going-to-work-out-right,Everything's Going To Work Out Right,2
354,/song:expressway-to-your-heart,Expressway To Your Heart,2
355,/song:eyes-on-the-prize,Eyes On The Prize,51
356,/song:factory,Factory,184
357,/song:fade-away,Fade Away,73
358,/song:fa-fa-fa-fa-fa-sad-song,Fa-Fa-Fa-Fa-Fa (Sad Song),1
359,/song:faith,Faith,1
360,/song:fame,Fame,1
361,/song:farmer-john,Farmer John,0
362,/song:farther-up-the-road,Farther Up The Road,1
363,/song:fast-blues-break-in-g,Fast Blues Break In G,1
364,/song:fast-blues-shuffle,Fast Blues Shuffle,2
365,/song:faster-and-louder,Faster And Louder,0
366,/song:fever,Fever,0
367,/song:fields-of-gold,Fields Of Gold,1
368,/song:fingernails,Fingernails,2
369,/song:fire,Fire,274
370,/song:fire-jimi-hendrix,Fire (cover),2
371,/song:float-away,Float Away,0
372,/song:flower-of-scotland,Flower Of Scotland,0
373,/song:fly-against-the-wind,Fly Against The Wind,1
374,/song:follow-that-dream,Follow That Dream,58
375,/song:folsom-prison-blues,Folsom Prison Blues,1
376,/song:forever,Forever,1
377,/song:forever-young,Forever Young,2
378,/song:for-never-asking,For Never Asking,1
379,/song:fortunate-son,Fortunate Son,17
380,/song:forward,Forward,7
381,/song:for-what-it-s-worth,For What It's Worth,1
382,/song:for-you,For You,246
383,/song:for-your-love-2,For Your Love (Ed Townsend),2
384,/song:for-your-love,For Your Love (Yardbirds),1
385,/song:foxy-lady,Foxy Lady,1
386,/song:frankie,Frankie,31
387,/song:frankie-fell-in-love,Frankie Fell In Love,12
388,/song:freddie-s-dead,Freddie's Dead,1
389,/song:freedom-cadence,Freedom Cadence,0
390,/song:freehold,Freehold,22
391,/song:free-money,Free Money,1
392,/song:free-nelson-mandela,Free Nelson Mandela,4
393,/song:frere-jacques,Frère Jacques,0
394,/song:friday-on-my-mind,Friday On My Mind,4
395,/song:froggie-went-a-courtin,Froggie Went A-Courtin',10
396,/song:from-me-to-you,From Me To You,1
397,/song:from-small-things-big-things-one-day-come,From Small Things (Big Things One Day Come),50
398,/song:full-of-love,Full Of Love,2
399,/song:fun-fun-fun,"Fun, Fun, Fun",0
400,/song:funk-song,Funk Song,4
401,/song:funky-broadway,Funky Broadway,5
402,/song:further-on-up-the-road,Further On (Up The Road),99
403,/song:galveston-bay,Galveston Bay,108
404,/song:garden-state-parkway-blues,Garden State Parkway Blues,6
405,/song:gave-it-a-name,Gave It A Name,1
406,/song:get-back,Get Back,1
407,/song:get-it-on,Get It On,1
408,/song:get-out-of-denver,Get Out Of Denver,6
409,/song:get-out-of-my-life-woman,"Get Out Of My Life, Woman",2
410,/song:get-ready,Get Ready,1
411,/song:get-up-i-feel-like-being-a-sex-machine,Get Up (I Feel Like Being A) Sex Machine,1
412,/song:get-up-stand-up,"Get Up, Stand Up",39
413,/song:get-your-kicks-on-route-66,(Get Your Kicks On) Route 66,10
414,/song:ghosts,Ghosts,66
415,/song:gimme-shelter,Gimme Shelter,2
416,/song:gimme-some-lovin,Gimme Some Lovin',0
417,/song:gimme-that-wine,Gimme That Wine,5
418,/song:girlfriend-blues,Girlfriend Blues,1
419,/song:girls-in-their-summer-clothes,Girls In Their Summer Clothes,86
420,/song:give-my-love-to-rose,Give My Love To Rose,0
421,/song:give-the-girl-a-kiss,Give The Girl A Kiss,9
422,/song:gloria-s-eyes,Gloria's Eyes,43
423,/song:gloria-cadillacs,Gloria (The Cadillacs),0
424,/song:gloria,Gloria (Them),36
425,/song:glory-days,Glory Days,626
426,/song:glory-road,Glory Road,0
427,/song:go-away-come-close,Go Away (Come Close),2
428,/song:god-don-t-make-lonely-girls,God Don't Make Lonely Girls,1
429,/song:god-s-counting-on-me-god-s-counting-on-you,God's Counting On Me... God's Counting On You,0
430,/song:go-go-go-down-the-line,Go Go Go (Down The Line),1
431,/song:goin-back,Goin' Back,7
432,/song:goin-back-to-georgia,Goin' Back To Georgia,14
433,/song:goin-cali,Goin' Cali,0
434,/song:goin-down-slow,Goin' Down Slow,3
435,/song:gonna-fly-now,Gonna Fly Now,1
436,/song:good-eye,Good Eye,7
437,/song:good-golly-miss-molly,"Good Golly, Miss Molly",1
438,/song:good-lovin,Good Lovin',6
439,/song:good-lovin-woman,Good Lovin' Woman,1
440,/song:goodnight-irene,Goodnight Irene,2
441,/song:goodnite-sweetheart-goodnite,"Goodnite, Sweetheart, Goodnite",1
442,/song:good-rockin-tonight,Good Rockin' Tonight,27
443,/song:good-times,Good Times,4
444,/song:good-times-bad-times,"Good Times, Bad Times",1
445,/song:got-my-mojo-working,Got My Mojo Working,5
446,/song:gotta-get-that-feeling,Gotta Get That Feeling,7
447,/song:got-to-get-you-off-my-mind,Got To Get You Off My Mind,3
448,/song:gov-christie-traffic-jam,Gov. Christie Traffic Jam,1
449,/song:great-balls-of-fire,Great Balls Of Fire,8
450,/song:green-onions,Green Onions,3
451,/song:green-river,Green River,9
452,/song:growin-up,Growin' Up,628
453,/song:guess-things-happen-that-way,Guess Things Happen That Way,1
454,/song:guitar-man,Guitar Man,1
455,/song:guitar-town,Guitar Town,1
456,/song:gulf-coast-highway,Gulf Coast Highway,1
457,/song:gunslinger,Gunslinger,1
458,/song:gypsy-biker,Gypsy Biker,82
459,/song:gypsy-rider,Gypsy Rider,1
460,/song:gypsy-woman,Gypsy Woman,1
461,/song:hail-hail-rock-n-roll,Hail Hail Rock 'N' Roll,1
462,/song:hail-to-the-chief,Hail To The Chief,1
463,/song:hang-on-sloopy,Hang On Sloopy,4
464,/song:hang-up-my-rock-and-roll-shoes,Hang Up My Rock And Roll Shoes,4
465,/song:happy,Happy,1
466,/song:happy-birthday,Happy Birthday,0
467,/song:happy-birthday-to-you,Happy Birthday To You,18
468,/song:hard-times-come-again-no-more,Hard Times (Come Again No More),54
469,/song:hard-travelin-hootenanny,Hard Travelin' Hootenanny,1
470,/song:harry-s-place,Harry's Place,1
471,/song:haunted-house,Haunted House,1
472,/song:hava-nagila,Hava Nagila,3
473,/song:have-a-good-time-but-get-out-alive,Have A Good Time (But Get Out Alive),1
474,/song:have-love-will-travel,Have Love Will Travel,26
475,/song:have-yourself-a-merry-little-christmas,Have Yourself A Merry Little Christmas,1
476,/song:having-a-party,Having A Party,37
477,/song:heartbreak-hotel,Heartbreak Hotel,25
478,/song:heart-full-of-soul,Heart Full Of Soul,2
479,/song:hearts-of-stone,Hearts Of Stone,13
480,/song:heat-wave,Heat Wave,6
481,/song:heaven-help-the-lonely,Heaven Help The Lonely,2
482,/song:heaven-s-wall,Heaven's Wall,17
483,/song:heavy-bertha,Heavy Bertha,1
484,/song:he-can-t-love-you,He Can't Love You,1
485,/song:heigh-ho,Heigh-Ho,0
486,/song:held-up-without-a-gun,Held Up Without A Gun,8
487,/song:hello-sunshine,Hello Sunshine,1
488,/song:helpless,Helpless,1
489,/song:help-me,Help Me,1
490,/song:henry-boy,Henry Boy,1
491,/song:here-comes-the-night,Here Comes The Night,2
492,/song:here-she-comes-walkin,Here She Comes Walkin',71
493,/song:hernando-s-hideaway,Hernando's Hideaway,0
494,/song:he-s-a-rebel,He's A Rebel,2
495,/song:he-s-guilty-the-judge-song,He's Guilty (The Judge Song),15
496,/song:he-was-a-friend-of-mine,He Was A Friend Of Mine,1
497,/song:hey-blue-eyes,Hey Blue Eyes,0
498,/song:hey-bo-diddley,Hey! Bo Diddley,1
499,/song:hey-good-lookin,"Hey, Good Lookin'",2
500,/song:hey-hey-hey-hey,Hey-Hey-Hey-Hey!,6
501,/song:hey-joe,Hey Joe,2
502,/song:hey-mister,Hey Mister,0
503,/song:hey-porter,"Hey, Porter",1
504,/song:hey-tonight,Hey Tonight,6
505,/song:hey-western-union-man,"Hey, Western Union Man",0
506,/song:high-hopes,High Hopes,45
507,/song:high-school-confidential,High School Confidential,22
508,/song:highway-29,Highway 29,139
509,/song:highway-61-revisited,Highway 61 Revisited,5
510,/song:highway-patrolman,Highway Patrolman,73
511,/song:highway-to-hell,Highway To Hell,6
512,/song:hi-heel-sneakers,Hi-Heel Sneakers,1
513,/song:hippy-hippy-shake,Hippy Hippy Shake,1
514,/song:history-books,History Books,0
515,/song:hitch-hikin,Hitch Hikin',1
516,/song:hobo-s-lullaby,Hobo's Lullaby,1
517,/song:hold-on-i-m-comin,"Hold On, I'm Comin'",13
518,/song:hold-on-to-what-you-got,Hold On (To What You Got),0
519,/song:hold-what-you-ve-got,Hold What You've Got,0
520,/song:hollywood-kids,Hollywood Kids,1
521,/song:homestead,Homestead,20
522,/song:honey-hush,Honey Hush,1
523,/song:honky-tonk,Honky Tonk,1
524,/song:honky-tonk-women,Honky Tonk Women,7
525,/song:hoochie-coochie-man,Hoochie Coochie Man,3
526,/song:hound-dog,Hound Dog,3
527,/song:house-of-a-thousand-guitars,House Of A Thousand Guitars,8
528,/song:how-can-a-poor-man-stand-such-times-and-live,How Can A Poor Man Stand Such Times And Live?,71
529,/song:how-can-i-keep-from-singing,How Can I Keep From Singing?,3
530,/song:human-touch,Human Touch,154
531,/song:hungry-heart,Hungry Heart,755
532,/song:hunter-of-invisible-game,Hunter Of Invisible Game,3
533,/song:hurry-up-sundown,Hurry Up Sundown,0
534,/song:hymn-to-him,Hymn To Him,0
535,/song:i-ain-t-ever-satisfied,I Ain't Ever Satisfied,1
536,/song:i-ain-t-got-no-home,I Ain't Got No Home,13
537,/song:i-am-the-doctor,I Am The Doctor,3
538,/song:i-can-only-give-you-everything,I Can Only Give You Everything,1
539,/song:i-can-t-get-no-satisfaction,(I Can't Get No) Satisfaction,10
540,/song:i-can-t-help-it-if-i-m-still-in-love-with-you,I Can't Help It (If I'm Still In Love With You),1
541,/song:i-can-t-help-myself-sugar-pie-honey-bunch,I Can't Help Myself (Sugar Pie Honey Bunch),1
542,/song:i-can-t-stand-up-for-falling-down,I Can't Stand Up For Falling Down,1
543,/song:i-can-t-take-it-no-more,I Can't Take It No More,4
544,/song:i-can-t-turn-you-loose,I Can't Turn You Loose,1
545,/song:iceman,Iceman,4
546,/song:i-come-and-stand-at-every-door,I Come And Stand At Every Door,0
547,/song:idas-sommarvisa,Idas Sommarvisa,0
548,/song:idiot-s-delight,Idiot's Delight,14
549,/song:i-don-t-want-no-more-of-this-army-life,I Don't Want No More Of This Army Life,1
550,/song:i-don-t-want-to-go-home,I Don't Want To Go Home,43
551,/song:if-i-had-a-hammer-the-hammer-song,If I Had A Hammer (The Hammer Song),0
552,/song:if-i-needed-someone,If I Needed Someone,1
553,/song:if-i-should-fall-behind,If I Should Fall Behind,309
554,/song:if-i-was-the-priest,If I Was The Priest,10
555,/song:i-forgot-to-be-your-lover,I Forgot To Be Your Lover,0
556,/song:i-fought-the-law,I Fought The Law,38
557,/song:i-found-a-love,I Found A Love,0
558,/song:if-you-leave-before-me,If You Leave Before Me,1
559,/song:if-you-need-me,If You Need Me,2
560,/song:if-you-re-out-there,If You're Out There,1
561,/song:if-you-want-to-get-high,If You Want To Get High,1
562,/song:i-get-mad,I Get Mad,0
563,/song:i-got-love-if-you-want-it,I Got Love If You Want It,0
564,/song:i-gotta-be-free,I Gotta Be Free,3
565,/song:i-got-to-have-you-baby,I Got To Have You Baby,2
566,/song:i-got-you-babe,I Got You Babe,1
567,/song:i-got-you-i-feel-good,I Got You (I Feel Good),0
568,/song:i-happen-to-love-you,I Happen To Love You,1
569,/song:i-have-faith-in-these-desolate-times,I Have Faith In These Desolate Times,1
570,/song:i-hear-a-train,I Hear A Train,0
571,/song:i-heard-that-lonesome-whistle,(I Heard That) Lonesome Whistle,2
572,/song:i-hear-you-knocking,I Hear You Knocking,1
573,/song:i-hope-i-m-true,I Hope I'm True,1
574,/song:i-hung-my-head,I Hung My Head,2
575,/song:i-just-can-t-change,I Just Can't Change,1
576,/song:i-just-can-t-think,I Just Can't Think,1
577,/song:i-just-want-to-make-love-to-you,I Just Want To Make Love To You,1
578,/song:iko-iko,Iko Iko,0
579,/song:i-ll-feel-a-whole-lot-better,I'll Feel A Whole Lot Better,1
580,/song:i-ll-fly-away,I'll Fly Away,1
581,/song:i-ll-see-you-in-my-dreams,I'll See You In My Dreams,95
582,/song:i-ll-sleep-when-i-m-dead,I'll Sleep When I'm Dead,1
583,/song:i-ll-stand-by-you,I'll Stand By You,0
584,/song:i-ll-work-for-your-love,I'll Work For Your Love,40
585,/song:i-m-a-big-girl-now,I'm A Big Girl Now,1
586,/song:i-m-a-coward,I'm A Coward,70
587,/song:i-m-a-king-bee,I'm A King Bee,0
588,/song:i-m-alive,I'm Alive,1
589,/song:i-m-a-man,I'm A Man,1
590,/song:i-m-a-road-runner,(I'm A) Road Runner,0
591,/song:i-m-a-rocker,I'm A Rocker,149
592,/song:i-m-a-thousand-miles-from-home,I'm A Thousand Miles From Home,0
593,/song:i-m-bad-i-m-nationwide,"I'm Bad, I'm Nationwide",10
594,/song:i-m-crying,I'm Crying,1
595,/song:i-met-her-at-a-tourist-trap-in-tijuana,I Met Her At A Tourist Trap In Tijuana,0
596,/song:i-m-free,I'm Free,1
597,/song:i-m-goin-down,I'm Goin' Down,92
598,/song:i-m-going-back,I'm Going Back,0
599,/song:i-m-going-home,I'm Going Home,1
600,/song:i-m-gonna-rock-all-night-long,I'm Gonna Rock (All Night Long),1
601,/song:i-m-gonna-treat-you-right-wild-kisses,I'm Gonna Treat You Right (Wild Kisses),1
602,/song:i-m-in-love-again,I'm In Love Again,2
603,/song:i-m-in-love-again-fats-domino,I'm In Love Again (Fats Domino),0
604,/song:i-m-into-something-good,I'm Into Something Good,1
605,/song:i-m-not-sleeping,I'm Not Sleeping,9
606,/song:i-m-on-fire,I'm On Fire,308
607,/song:i-m-ready,I'm Ready,3
608,/song:i-m-shipping-up-to-boston,I'm Shipping Up To Boston,2
609,/song:i-m-so-lonesome-i-could-cry,I'm So Lonesome I Could Cry,3
610,/song:i-m-the-one,I'm The One,1
611,/song:i-m-turning-into-elvis,I'm Turning Into Elvis,6
612,/song:i-m-your-detail-man,I'm Your Detail Man,1
613,/song:in-a-gadda-da-vida,In-A-Gadda-Da-Vida,1
614,/song:incident-on-57th-street,Incident On 57th Street,165
615,/song:independence-day,Independence Day,258
616,/song:in-dreams,In Dreams,3
617,/song:in-kansas,In Kansas,0
618,/song:in-michigan,In Michigan,3
619,/song:inside-the-castle-walls,Inside The Castle Walls,2
620,/song:in-the-midnight-hour,In The Midnight Hour,25
621,/song:in-the-mood,In The Mood,2
622,/song:in-the-still-of-the-night,In The Still Of The Night,1
623,/song:into-the-fire,Into The Fire,156
624,/song:into-the-mystic,Into The Mystic,1
625,/song:i-played-the-fool,I Played The Fool,2
626,/song:i-remember,I Remember,3
627,/song:i-saw-her-standing-there,I Saw Her Standing There,5
628,/song:i-shall-be-released,I Shall Be Released,1
629,/song:i-sold-my-heart-to-the-junkman,I Sold My Heart To The Junkman,1
630,/song:is-she-the-one,Is She The One,0
631,/song:is-that-all-to-the-ball-mr-hall,Is That All To The Ball (Mr. Hall),3
632,/song:i-still-haven-t-found-what-i-m-looking-for,I Still Haven't Found What I'm Looking For,4
633,/song:i-still-look-good-for-sixty,I Still Look Good (For Sixty),3
634,/song:it-ain-t-the-meat-it-s-the-motion,It Ain't The Meat (It's The Motion),1
635,/song:i-thank-you,I Thank You,5
636,/song:it-s-all-over-now,It's All Over Now,6
637,/song:it-s-all-over-now-baby-blue,"It's All Over Now, Baby Blue",4
638,/song:it-s-all-right,It's All Right,14
639,/song:it-s-a-shame,It's A Shame,0
640,/song:it-s-been-a-long-time,It's Been A Long Time,19
641,/song:it-s-gonna-work-out-fine,It's Gonna Work Out Fine,16
642,/song:it-s-hard-to-be-a-saint-in-the-city,It's Hard To Be A Saint In The City,204
643,/song:it-s-my-life-2,It's My Life (Bon Jovi),2
644,/song:it-s-my-life,It's My Life (The Animals),94
645,/song:it-s-not-unusual,It's Not Unusual,1
646,/song:it-s-now-or-never,It's Now Or Never,1
647,/song:it-s-over,It's Over,2
648,/song:it-s-the-little-things-that-count,It's The Little Things That Count,38
649,/song:it-s-time-to-go-home,It's Time To Go Home,1
650,/song:it-s-too-late,It's Too Late,1
651,/song:it-takes-a-lot-to-laugh-it-takes-a-train-to-cry,"It Takes A Lot To Laugh, It Takes A Train To Cry",2
652,/song:it-takes-two,It Takes Two,13
653,/song:i-understand-just-how-you-feel,I Understand (Just How You Feel),1
654,/song:i-ve-been-everywhere,I've Been Everywhere,0
655,/song:i-ve-been-working-too-hard,I've Been Working Too Hard,2
656,/song:i-ve-got-a-feeling-everything-s-gonna-be-alright,I've Got A Feeling (Everything's Gonna Be Alright),6
657,/song:i-ve-got-to-know,I've Got To Know,1
658,/song:i-ve-had-it,I've Had It,1
659,/song:i-walk-the-line,I Walk The Line,5
660,/song:i-wanna-be-sedated,I Wanna Be Sedated,2
661,/song:i-wanna-be-with-you,I Wanna Be With You,24
662,/song:i-wanna-be-your-man,I Wanna Be Your Man,2
663,/song:i-wanna-marry-you,I Wanna Marry You,95
664,/song:i-want-you,I Want You,11
665,/song:i-was-born-to-rock,I Was Born To Rock,1
666,/song:i-wish-it-would-rain,I Wish It Would Rain,0
667,/song:i-wish-i-were-blind,I Wish I Were Blind,30
668,/song:jack-of-all-trades,Jack Of All Trades,80
669,/song:jackson-cage,Jackson Cage,131
670,/song:jacob-s-ladder,Jacob's Ladder,67
671,/song:jailhouse-rock,Jailhouse Rock,4
672,/song:jambalaya-on-the-bayou,Jambalaya (On The Bayou),4
673,/song:jambalaya-roll-over,Jambalaya (Roll Over),8
674,/song:jam-up,Jam Up,6
675,/song:janey-don-t-you-lose-heart,"Janey, Don't You Lose Heart",41
676,/song:janey-needs-a-shooter,Janey Needs A Shooter,1
677,/song:jann-s-song,Jann's Song,1
678,/song:jazz-musician,Jazz Musician,0
679,/song:jeannie-i-want-to-thank-you,Jeannie I Want To Thank You,4
680,/song:jeannie-needs-a-shooter,Jeannie Needs A Shooter,0
681,/song:jeff-s-boogie,Jeff's Boogie,4
682,/song:jennifer,Jennifer,3
683,/song:jenny-jenny,Jenny Jenny,0
684,/song:jersey-girl,Jersey Girl,70
685,/song:jesse,Jesse,0
686,/song:jesse-james,Jesse James,71
687,/song:jesus-was-an-only-son,Jesus Was An Only Son,88
688,/song:jingle-bell-rock,Jingle Bell Rock,6
689,/song:jingle-bells,Jingle Bells,4
690,/song:joe-hill,Joe Hill,2
691,/song:john-henry,John Henry,69
692,/song:johnny-99,Johnny 99,444
693,/song:johnny-b-goode,Johnny B. Goode,5
694,/song:johnny-bye-bye,Johnny Bye-Bye,74
695,/song:johnny-come-lately,Johnny Come Lately,1
696,/song:jole-blon,Jolé Blon,39
697,/song:joy,Joy,1
698,/song:joy-to-the-world-three-dog-night,Joy To The World (Three Dog Night),0
699,/song:joy-to-the-world,Joy To The World (Traditional),1
700,/song:jump,Jump,4
701,/song:jumpin-jack-flash,Jumpin' Jack Flash,4
702,/song:jungleland,Jungleland,649
703,/song:junior-s-bar,Junior's Bar,1
704,/song:just-another-lonely-mile,Just Another Lonely Mile,0
705,/song:just-like-a-woman,Just Like A Woman,2
706,/song:just-like-fire-would,Just Like Fire Would,23
707,/song:just-to-be-with-you,Just To Be With You,1
708,/song:kansas-city,Kansas City,10
709,/song:keep-a-knockin,Keep A Knockin',6
710,/song:keep-the-car-running,Keep The Car Running,1
711,/song:kentucky-woman,Kentucky Woman,1
712,/song:key-to-the-highway,Key To The Highway,3
713,/song:killer-joe,Killer Joe,0
714,/song:kingdom-of-days,Kingdom Of Days,38
715,/song:king-of-pain,King Of Pain,1
716,/song:king-tut,King Tut,1
717,/song:kitty-s-back,Kitty's Back,265
718,/song:knockin-on-heaven-s-door,Knockin' On Heaven's Door,3
719,/song:knock-on-wood,Knock On Wood,5
720,/song:kt-88,KT-88,5
721,/song:la-bamba,La Bamba,1
722,/song:labor-of-love,Labor Of Love,8
723,/song:lady-and-the-doctor,Lady And The Doctor,0
724,/song:lady-of-boston,Lady Of Boston,1
725,/song:lady-of-spain,Lady Of Spain,0
726,/song:lady-walking-down-by-the-river,Lady Walking Down By The River,3
727,/song:land,Land,1
728,/song:land-of-1-000-dances,"Land Of 1,000 Dances",1
729,/song:land-of-1000-dances,Land Of 1000 Dances,3
730,/song:land-of-hope-and-dreams,Land Of Hope And Dreams,751
731,/song:last-man-standing,Last Man Standing,58
732,/song:last-night-in-texas,Last Night In Texas,1
733,/song:last-night-in-tulsa,Last Night In Tulsa,3
734,/song:last-to-die,Last To Die,120
735,/song:la-vie-en-rose,La Vie en rose,0
736,/song:leah,Leah,36
737,/song:leah-roy-orbison,Leah (Roy Orbison),1
738,/song:lean-on-me,Lean On Me,1
739,/song:leap-of-faith,Leap Of Faith,128
740,/song:leave-my-rainforest-alone,Leave My Rainforest Alone,0
741,/song:leavin-train,Leavin' Train,4
742,/song:let-it-be,Let It Be,1
743,/song:let-it-be-me,Let It Be Me,3
744,/song:let-it-bleed,Let It Bleed,1
745,/song:let-s-be-friends-skin-to-skin,Let's Be Friends (Skin To Skin),4
746,/song:let-s-get-it-on,Let's Get It On,0
747,/song:let-s-go-let-s-go-let-s-go,"Let's Go, Let's Go, Let's Go",2
748,/song:let-s-have-a-party,Let's Have A Party,1
749,/song:let-s-live-for-today,Let's Live For Today,1
750,/song:let-s-stay-together,Let's Stay Together,3
751,/song:let-s-talk-about-us,Let's Talk About Us,1
752,/song:let-s-twist-again,Let's Twist Again,1
753,/song:letter-to-you,Letter To You,61
754,/song:let-the-four-winds-blow,Let The Four Winds Blow,17
755,/song:let-the-good-times-roll,Let The Good Times Roll,1
756,/song:life-itself,Life Itself,3
757,/song:lift-me-up,Lift Me Up,1
758,/song:lighten-up,Lighten Up,1
759,/song:light-of-day,Light Of Day,382
760,/song:like-any-woman-would,Like Any Woman Would,0
761,/song:like-a-rolling-stone,Like A Rolling Stone,4
762,/song:like-a-stranger,Like A Stranger,2
763,/song:linda-let-me-be-the-one,Linda Let Me Be The One,2
764,/song:linda-paloma,Linda Paloma,0
765,/song:lion-s-den,Lion's Den,15
766,/song:little-bit-o-soul,Little Bit O' Soul,1
767,/song:little-by-little,Little By Little,3
768,/song:little-girl-so-fine,Little Girl So Fine,0
769,/song:little-latin-lupe-lu,Little Latin Lupe Lu,17
770,/song:little-queenie,Little Queenie,12
771,/song:little-red-rooster,Little Red Rooster,1
772,/song:little-sister,Little Sister,1
773,/song:little-white-lies,Little White Lies,0
774,/song:living-on-the-edge-of-the-world,Living On The Edge Of The World,2
775,/song:living-proof,Living Proof,111
776,/song:living-rock-and-roll,Living Rock And Roll,1
777,/song:livin-in-the-future,Livin' In The Future,109
778,/song:local-hero,Local Hero,92
779,/song:lola,Lola,1
780,/song:london-calling,London Calling,7
781,/song:lonely-night-in-the-park,Lonely Night In The Park,0
782,/song:lonely-teardrops,Lonely Teardrops,6
783,/song:lonesome-day,Lonesome Day,437
784,/song:lonesome-train,Lonesome Train,0
785,/song:lonesome-valley,Lonesome Valley,1
786,/song:long-black-veil,Long Black Veil,12
787,/song:long-tall-sally,Long Tall Sally,17
788,/song:long-time-comin,Long Time Comin',168
789,/song:long-walk-home,Long Walk Home,299
790,/song:lookin-for-a-love,Lookin' For A Love,0
791,/song:looking-for-elvis,Looking For Elvis,1
792,/song:look-into-my-window,Look Into My Window,1
793,/song:look-into-your-heart,Look Into Your Heart,1
794,/song:look-through-any-window,Look Through Any Window,1
795,/song:look-towards-the-land,Look Towards The Land,3
796,/song:loose-change,Loose Change,0
797,/song:loose-ends,Loose Ends,56
798,/song:lost-in-the-flood,Lost In The Flood,95
799,/song:louie-louie,Louie Louie,10
800,/song:love-and-mercy,Love And Mercy,1
801,/song:love-cycle,Love Cycle,0
802,/song:love-is-a-crazy-thing,Love Is A Crazy Thing,1
803,/song:love-is-all-around,Love Is All Around,1
804,/song:love-is-strange,Love Is Strange,0
805,/song:love-me-tender,Love Me Tender,18
806,/song:love-of-the-common-people,Love Of The Common People,8
807,/song:love-on-the-wrong-side-of-town,Love On The Wrong Side Of Town,4
808,/song:loves-glory,Loves Glory,1
809,/song:love-s-on-the-line,Love's On The Line,0
810,/song:love-stand-up,Love (Stand Up),11
811,/song:love-train,Love Train,1
812,/song:loving-you,Loving You,1
813,/song:lucille,Lucille,52
814,/song:luck-be-a-lady,Luck Be A Lady,0
815,/song:lucky-day,Lucky Day,1
816,/song:lucky-girl,Lucky Girl,1
817,/song:lucky-man,Lucky Man,0
818,/song:lucky-town,Lucky Town,181
819,/song:lullaby,Lullaby,0
820,/song:macho-man,Macho Man,0
821,/song:mack-the-knife,Mack The Knife,1
822,/song:magic,Magic,70
823,/song:magic-kind-of-loving,Magic Kind Of Loving,3
824,/song:make-up-your-mind,Make Up Your Mind,2
825,/song:mama-don-t-allow-no-guitar-picking,Mama Don't Allow No Guitar Picking,1
826,/song:man-at-the-top,Man At The Top,4
827,/song:manifiesto,Manifiesto,1
828,/song:mannish-boy,Mannish Boy,0
829,/song:man-on-the-moon,Man On The Moon,6
830,/song:mansion-on-the-hill,Mansion On The Hill,151
831,/song:man-s-job,Man's Job,120
832,/song:many-rivers-to-cross,Many Rivers To Cross,24
833,/song:maria-s-bed,Maria's Bed,29
834,/song:marie,Marie,0
835,/song:mary-had-a-little-lamb,Mary Had A Little Lamb,0
836,/song:mary-lou,Mary Lou,0
837,/song:mary-louise-watson,Mary Louise Watson,2
838,/song:mary-mary,Mary Mary,0
839,/song:mary-queen-of-arkansas,Mary Queen Of Arkansas,17
840,/song:mary-s-place,Mary's Place,238
841,/song:matamoros-banks,Matamoros Banks,74
842,/song:match-box-blues,Match Box Blues,0
843,/song:maybellene,Maybellene,1
844,/song:may-i,May I,2
845,/song:mean-woman-blues,Mean Woman Blues,2
846,/song:meeting-across-the-river,Meeting Across The River,75
847,/song:meeting-in-the-town-tonight,Meeting In The Town Tonight,4
848,/song:meet-me-at-the-end-of-the-world,Meet Me At The End Of The World,1
849,/song:meet-me-in-the-city,Meet Me In The City,54
850,/song:memphis-tennessee,"Memphis, Tennessee",3
851,/song:men-without-women,Men Without Women,0
852,/song:mercy-mercy,Mercy Mercy,1
853,/song:merry-christmas-baby,Merry Christmas Baby,20
854,/song:merry-christmas-i-don-t-want-to-fight-tonight,Merry Christmas (I Don't Want To Fight Tonight),3
855,/song:message-in-a-bottle,Message In A Bottle,1
856,/song:michael-row-your-boat-ashore,"Michael, Row Your Boat Ashore",0
857,/song:mickey-s-monkey,Mickey's Monkey,0
858,/song:midnight-special,Midnight Special,3
859,/song:midnight-train,Midnight Train,1
860,/song:millworker,Millworker,1
861,/song:misery-loves-company,Misery Loves Company,2
862,/song:missing,Missing,0
863,/song:mississippi,Mississippi,0
864,/song:mona,Mona,107
865,/song:money-that-s-what-i-want,Money (That's What I Want),6
866,/song:monster-mash,Monster Mash,2
867,/song:mony-mony,Mony Mony,7
868,/song:moon-beams,Moon Beams,1
869,/song:moondance,Moondance,0
870,/song:moonglow,Moonglow,1
871,/song:moonlight-motel,Moonlight Motel,1
872,/song:moon-river,Moon River,1
873,/song:morning-dew,Morning Dew,1
874,/song:mother-in-law,Mother-In-Law,1
875,/song:moulin-rouge,Moulin Rouge,0
876,/song:mountain-of-love,Mountain Of Love,17
877,/song:move-on-up,Move On Up,0
878,/song:movin-out-anthony-s-song,Movin' Out (Anthony's Song),1
879,/song:mr-jones,Mr. Jones,1
880,/song:mr-outside,Mr. Outside,0
881,/song:mrs-mcgrath,Mrs. McGrath,66
882,/song:mr-spaceman,Mr. Spaceman,1
883,/song:mr-tambourine-man,Mr. Tambourine Man,4
884,/song:mule-skinner-blues,Mule Skinner Blues,0
885,/song:murder-incorporated,Murder Incorporated,290
886,/song:muss-i-denn-zum-staedtele-hinaus,Muss I' Denn Zum Städtele Hinaus,0
887,/song:mustang-sally,Mustang Sally,31
888,/song:my-babe,My Babe,1
889,/song:my-back-pages,My Back Pages,1
890,/song:my-beautiful-reward,My Beautiful Reward,138
891,/song:my-best-was-never-good-enough,My Best Was Never Good Enough,56
892,/song:my-car-was-invisible-case-of-bruce-springsteen,My Car Was Invisible (Case Of Bruce Springsteen),1
893,/song:my-city-of-ruins,My City Of Ruins,294
894,/song:my-ding-a-ling,My Ding-A-Ling,1
895,/song:my-father-s-house,My Father's House,295
896,/song:my-generation,My Generation,6
897,/song:my-girl,My Girl,5
898,/song:my-girl-josephine,My Girl Josephine,2
899,/song:my-hometown,My Hometown,599
900,/song:my-kind-of-town,My Kind Of Town,1
901,/song:my-lover-man,My Lover Man,1
902,/song:my-love-will-not-let-you-down,My Love Will Not Let You Down,203
903,/song:my-lucky-day,My Lucky Day,37
904,/song:my-oklahoma-home,My Oklahoma Home,68
905,/song:my-old-kentucky-home,My Old Kentucky Home,0
906,/song:my-ride-s-here,My Ride's Here,1
907,/song:mystery-train,Mystery Train,26
908,/song:mystic-eyes,Mystic Eyes,1
909,/song:my-sweet-lord,My Sweet Lord,1
910,/song:nadine-is-it-you,Nadine (Is It You),1
911,/song:native-american,Native American,2
912,/song:natural-magic,Natural Magic,3
913,/song:nebraska,Nebraska,119
914,/song:needles-and-pins,Needles And Pins,3
915,/song:never-be-enough-time,Never Be Enough Time,32
916,/song:never-on-sunday,Never On Sunday,1
917,/song:new-orleans,New Orleans,5
918,/song:new-york-city-serenade,New York City Serenade,122
919,/song:new-york-comeback,New York Comeback,0
920,/song:new-york-morning-love,New York Morning Love,1
921,/song:new-york-new-york,"New York, New York",3
922,/song:new-york-skyline,New York Skyline,4
923,/song:new-york-song,New York Song,5
924,/song:new-york-state-of-mind,New York State Of Mind,3
925,/song:night,Night,272
926,/song:night-closing-in,Night Closing In,0
927,/song:night-fire,Night Fire,0
928,/song:nightshift,Nightshift,64
929,/song:night-train,Night Train,1
930,/song:ninety-nine-and-a-half-won-t-do,Ninety-Nine And A Half (Won't Do),3
931,/song:no-money-down,No Money Down,3
932,/song:none-but-the-brave,None But The Brave,12
933,/song:no-need,No Need,2
934,/song:no-particular-place-to-go,No Particular Place To Go,1
935,/song:no-surrender,No Surrender,472
936,/song:not-fade-away,Not Fade Away,52
937,/song:nothing-man,Nothing Man,16
938,/song:nothing-s-too-good-for-my-baby,Nothing's Too Good For My Baby,0
939,/song:not-too-young-to-get-married,Not Too Young To Get Married,1
940,/song:o-come-all-ye-faithful,"O Come, All Ye Faithful",1
941,/song:oh-boy,"Oh, Boy!",4
942,/song:oh-mama,Oh Mama,4
943,/song:oh-no-no-no,Oh No No No,0
944,/song:oh-pretty-woman,"Oh, Pretty Woman",9
945,/song:oh-what-a-beautiful-mornin,"Oh, What A Beautiful Mornin'",1
946,/song:oh-what-a-night,"Oh, What A Night",0
947,/song:oklahoma-hills,Oklahoma Hills,3
948,/song:old-dan-tucker,Old Dan Tucker,67
949,/song:old-time-rock-and-roll,Old Time Rock And Roll,2
950,/song:omaha,Omaha,3
951,/song:o-mary-don-t-you-weep,O Mary Don't You Weep,78
952,/song:on-broadway,On Broadway,0
953,/song:once-upon-a-time-in-the-west,Once Upon A Time In The West,0
954,/song:one-by-one,One By One,1
955,/song:one-guitar,One Guitar,4
956,/song:one-headlight,One Headlight,1
957,/song:one-love-people-get-ready,One Love/People Get Ready,1
958,/song:one-minute-you-re-here,One Minute You're Here,1
959,/song:one-more-try,One More Try,1
960,/song:one-of-us-must-know-sooner-or-later,One Of Us Must Know (Sooner Or Later),1
961,/song:one-step-up,One Step Up,65
962,/song:one-way-street,One Way Street,8
963,/song:only-lovers-left-alive,Only Lovers Left Alive,0
964,/song:only-the-good-die-young,Only The Good Die Young,1
965,/song:only-the-lonely-know-the-way-i-feel,Only The Lonely (Know The Way I Feel),1
966,/song:only-the-strong-survive,Only The Strong Survive,0
967,/song:only-you-know-and-i-know,Only You Know And I Know,1
968,/song:on-the-prowl,On The Prowl,1
969,/song:on-the-road,On The Road,1
970,/song:on-top-of-old-smoky,On Top Of Old Smoky,1
971,/song:ooby-dooby,Ooby Dooby,2
972,/song:open-all-night,Open All Night,120
973,/song:o-sole-mio,'O sole mio,0
974,/song:our-lady-of-the-well,Our Lady Of The Well,2
975,/song:out-in-the-street,Out In The Street,767
976,/song:outlaw-pete,Outlaw Pete,78
977,/song:out-of-limits,Out Of Limits,1
978,/song:out-of-work,Out Of Work,0
979,/song:outside-looking-in,Outside Looking In,3
980,/song:outside-woman-blues,Outside Woman Blues,1
981,/song:over-the-rise,Over The Rise,0
982,/song:pain-in-my-heart,Pain In My Heart,0
983,/song:paradise,Paradise,19
984,/song:paradise-by-the-c,Paradise By The ''C'',78
985,/song:paradise-john-prine,Paradise (John Prine),1
986,/song:paralyzed,Paralyzed,0
987,/song:park-avenue-beat,Park Avenue Beat,0
988,/song:part-man-part-monkey,"Part Man, Part Monkey",93
989,/song:party-lights,Party Lights,1
990,/song:party-lights-claudine-clark,Party Lights (Claudine Clark),2
991,/song:pay-me-my-money-down,Pay Me My Money Down,108
992,/song:peaceful-easy-feeling,Peaceful Easy Feeling,1
993,/song:peg-o-my-heart,Peg O' My Heart,2
994,/song:people-get-ready,People Get Ready,303
995,/song:people-have-the-power,People Have The Power,9
996,/song:peppermint-twist,Peppermint Twist,1
997,/song:perfect-world,Perfect World,0
998,/song:permanent-vacation,Permanent Vacation,1
999,/song:personality-crisis,Personality Crisis,1
1000,/song:peter-gunn,Peter Gunn,0
1001,/song:phantom-love-just-16,Phantom Love (Just 16),0
1002,/song:phantoms,Phantoms,1
1003,/song:photograph,Photograph,1
1004,/song:picture-hanging-blues,Picture Hanging Blues,1
1005,/song:pilgrim-in-the-temple-of-love,Pilgrim In The Temple Of Love,19
1006,/song:pinball-wizard,Pinball Wizard,1
1007,/song:pink-cadillac,Pink Cadillac,132
1008,/song:pink-houses,Pink Houses,2
1009,/song:pipeline,Pipeline,1
1010,/song:plane-wreck-at-los-gatos-deportee,Plane Wreck At Los Gatos (Deportee),6
1011,/song:play-around,Play Around,0
1012,/song:play-it-as-it-lays,Play It As It Lays,0
1013,/song:play-with-fire,Play With Fire,1
1014,/song:please-please-me,Please Please Me,1
1015,/song:point-blank,Point Blank,284
1016,/song:politician,Politician,1
1017,/song:pony-boy,Pony Boy,5
1018,/song:powerhouse,Powerhouse,2
1019,/song:preacher-s-daughter,Preacher's Daughter,11
1020,/song:prelude-no-1-in-c-major-bwv-846,Prelude No. 1 In C Major (BWV 846),0
1021,/song:pretty-blue-eyes,Pretty Blue Eyes,0
1022,/song:pretty-boy-floyd,Pretty Boy Floyd,1
1023,/song:pretty-flamingo,Pretty Flamingo,42
1024,/song:prison-grove,Prison Grove,0
1025,/song:promised-land,Promised Land,1
1026,/song:protection,Protection,1
1027,/song:proud-mary,Proud Mary,27
1028,/song:prove-it-all-night,Prove It All Night,807
1029,/song:prove-it-all-night-78,Prove It All Night ('78 Intro),1
1030,/song:pumping-iron,Pumping Iron,25
1031,/song:purple-haze,Purple Haze,2
1032,/song:purple-rain,Purple Rain,5
1033,/song:quarter-to-three,Quarter To Three,214
1034,/song:queen-of-the-supermarket,Queen Of The Supermarket,5
1035,/song:queen-of-the-underworld,Queen Of The Underworld,3
1036,/song:que-sera-sera,"Que Será, Será",1
1037,/song:racing-in-the-street,Racing In The Street,377
1038,/song:racing-in-the-street-78,Racing In The Street ('78),10
1039,/song:radio-nowhere,Radio Nowhere,204
1040,/song:radio-radio,Radio Radio,1
1041,/song:radio-silence,Radio Silence,1
1042,/song:rag-mama-rag,Rag Mama Rag,15
1043,/song:rainin-in-my-heart,Rainin' In My Heart,1
1044,/song:rainmaker,Rainmaker,0
1045,/song:rainy-day-man,Rainy Day Man,0
1046,/song:rainy-day-women,Rainy Day Women #12 & 35,1
1047,/song:raise-your-hand,Raise Your Hand,226
1048,/song:ramblin-gamblin-man,Ramblin' Gamblin' Man,5
1049,/song:ramrod,Ramrod,509
1050,/song:rave-on,Rave On,19
1051,/song:ready-teddy,Ready Teddy,10
1052,/song:real-man,Real Man,14
1053,/song:real-world,Real World,87
1054,/song:reason-to-believe,Reason To Believe,230
1055,/song:rebel-music,Rebel Music,7
1056,/song:rebel-rebel,Rebel Rebel,2
1057,/song:reconsider-baby,Reconsider Baby,1
1058,/song:redemption-day,Redemption Day,1
1059,/song:red-headed-woman,Red Headed Woman,103
1060,/song:red-river-rock,Red River Rock,0
1061,/song:reelin-and-rockin,Reelin' And Rockin',2
1062,/song:remember-when-the-music,Remember When The Music,1
1063,/song:rendezvous,Rendezvous,113
1064,/song:reno,Reno,73
1065,/song:rescue-me,Rescue Me,0
1066,/song:reservation-girl,Reservation Girl,1
1067,/song:respect,Respect,2
1068,/song:restless-nights,Restless Nights,4
1069,/song:resurrection,Resurrection,9
1070,/song:rhinestone-cowboy,Rhinestone Cowboy,1
1071,/song:ricky-wants-a-man-of-her-own,Ricky Wants A Man Of Her Own,1
1072,/song:ride-on-baby,"Ride On, Baby",1
1073,/song:ride-your-pony,Ride Your Pony,1
1074,/song:riding-in-my-car,Riding In My Car,1
1075,/song:right-place-wrong-time,"Right Place, Wrong Time",1
1076,/song:ring-of-fire,Ring Of Fire,6
1077,/song:rip-it-up,Rip It Up,2
1078,/song:river-deep-mountain-high,River Deep-Mountain High,1
1079,/song:river-of-dreams,River Of Dreams,1
1080,/song:r-o-c-k,R.O.C.K.,4
1081,/song:rock-and-roll-music,Rock And Roll Music,5
1082,/song:rockaway-the-days,Rockaway The Days,0
1083,/song:rock-baby-rock-it,"Rock Baby, Rock It",1
1084,/song:rock-ballad,Rock Ballad,2
1085,/song:rockin-all-over-the-world,Rockin' All Over The World,95
1086,/song:rockin-around-the-christmas-tree,Rockin' Around The Christmas Tree,2
1087,/song:rockin-in-the-free-world,Rockin' In The Free World,2
1088,/song:rockin-pneumonia-and-the-boogie-woogie-flu,Rockin' Pneumonia And The Boogie Woogie Flu,4
1089,/song:rockin-robin,Rockin' Robin,1
1090,/song:rock-me-baby,Rock Me Baby,1
1091,/song:rock-n-roll-heart,Rock N Roll Heart,0
1092,/song:rocky-ground,Rocky Ground,50
1093,/song:rocky-mountain-way,Rocky Mountain Way,1
1094,/song:roll-of-the-dice,Roll Of The Dice,128
1095,/song:roll-over-beethoven,Roll Over Beethoven,8
1096,/song:rosalita-come-out-tonight,Rosalita (Come Out Tonight),861
1097,/song:rose,Rose,2
1098,/song:rose-tattoo,Rose Tattoo,1
1099,/song:roulette,Roulette,68
1100,/song:royals,Royals,2
1101,/song:ruby-baby,Ruby Baby,2
1102,/song:rumble,Rumble,2
1103,/song:rumble-doll,Rumble Doll,2
1104,/song:running-on-empty,Running On Empty,6
1105,/song:running-scared,Running Scared,2
1106,/song:run-rudolph-run,Run Rudolph Run,7
1107,/song:run-shaker-life,"Run, Shaker Life",7
1108,/song:run-through-the-jungle,Run Through The Jungle,3
1109,/song:sad-eyes,Sad Eyes,3
1110,/song:sad-eyes-interlude,Sad Eyes (Interlude),0
1111,/song:sad-mood,Sad Mood,0
1112,/song:saga-of-the-architect-angel,Saga Of The Architect Angel,1
1113,/song:samson-and-delilah,Samson And Delilah,3
1114,/song:san-franciscan-nights,San Franciscan Nights,1
1115,/song:santa-ana,Santa Ana,9
1116,/song:santa-claus-baby,Santa Claus Baby,1
1117,/song:santa-claus-is-comin-to-town,Santa Claus Is Comin' To Town,168
1118,/song:satan-s-jeweled-crown,Satan's Jeweled Crown,8
1119,/song:satin-doll,Satin Doll,8
1120,/song:save-my-love,Save My Love,31
1121,/song:save-the-last-dance-for-me,Save The Last Dance For Me,9
1122,/song:savin-up,Savin' Up,14
1123,/song:say-goodbye-to-hollywood,Say Goodbye To Hollywood,4
1124,/song:school-day-ring-ring-goes-the-bell,School Day (Ring! Ring! Goes The Bell),1
1125,/song:school-is-in,School Is In,1
1126,/song:school-is-out,School Is Out,1
1127,/song:sea-cruise,Sea Cruise,4
1128,/song:sea-of-heartbreak,Sea Of Heartbreak,1
1129,/song:searching-for-my-soul,Searching For My Soul,0
1130,/song:seaside-bar-song,Seaside Bar Song,28
1131,/song:season-of-the-witch,Season Of The Witch,1
1132,/song:secret-agent-man,Secret Agent Man,1
1133,/song:secret-garden,Secret Garden,12
1134,/song:secret-to-the-blues,Secret To The Blues,3
1135,/song:seeds,Seeds,194
1136,/song:see-my-friends,See My Friends,1
1137,/song:sell-it-and-they-will-come,Sell It And They Will Come,36
1138,/song:sentimental-journey,Sentimental Journey,2
1139,/song:settle-for-love,Settle For Love,5
1140,/song:seven-angels,Seven Angels,5
1141,/song:seven-nights-to-rock,Seven Nights To Rock,111
1142,/song:seventh-son,Seventh Son,1
1143,/song:sevilla-tiene-un-color-especial,Sevilla tiene un color especial,0
1144,/song:sexual-healing,Sexual Healing,0
1145,/song:sexy-and-i-know-it,Sexy And I Know It,2
1146,/song:shackled-and-drawn,Shackled And Drawn,153
1147,/song:shake,Shake,7
1148,/song:shake-rattle-and-roll,"Shake, Rattle And Roll",8
1149,/song:sha-la-la,Sha-La-La,14
1150,/song:shapes-of-things,Shapes Of Things,1
1151,/song:she-got-me-where-she-wants-me,She Got Me Where She Wants Me,3
1152,/song:she-is-cool,She Is Cool,1
1153,/song:she-loves-you,She Loves You,1
1154,/song:shenandoah,Shenandoah,4
1155,/song:sherlock-goes-holme,Sherlock Goes Holme,3
1156,/song:sherry-darling,Sherry Darling,329
1157,/song:she-s-about-a-mover,She's About A Mover,0
1158,/song:she-s-a-woman,She's A Woman,3
1159,/song:she-s-got-the-lord,She's Got The Lord,1
1160,/song:she-s-leaving,She's Leaving,1
1161,/song:she-s-sure-the-girl-i-love,She's Sure The Girl I Love,1
1162,/song:she-s-the-one,She's The One,714
1163,/song:shine-silently,Shine Silently,10
1164,/song:shotgun,Shotgun,0
1165,/song:shout,Shout,132
1166,/song:shut-out-the-light,Shut Out The Light,36
1167,/song:sidewalk,Sidewalk,1
1168,/song:signed-sealed-delivered-i-m-yours,"Signed, Sealed, Delivered I'm Yours",1
1169,/song:silver-palomino,Silver Palomino,36
1170,/song:sinaloa-cowboys,Sinaloa Cowboys,142
1171,/song:sister-theresa,Sister Theresa,2
1172,/song:sittin-on-top-of-the-world,Sittin' On Top Of The World,2
1173,/song:six-days-on-the-road,Six Days On The Road,1
1174,/song:sleepy-joe-s-cafe,Sleepy Joe's Café,1
1175,/song:slow-blues,Slow Blues,2
1176,/song:slow-blues-in-g,Slow Blues In G,1
1177,/song:slow-down,Slow Down,2
1178,/song:slowly-walking-down-the-river,Slowly Walking Down The River,1
1179,/song:slow-turning,Slow Turning,1
1180,/song:slum-sentiments,Slum Sentiments,1
1181,/song:smokestack-lightning,Smokestack Lightning,1
1182,/song:sociedade-alternativa,Sociedade Alternativa,2
1183,/song:sock-it-to-me-baby,"Sock It To Me, Baby!",1
1184,/song:solo-le-pido-a-dios,Sólo Le Pido A Dios,0
1185,/song:someday-we-ll-be-together,Someday (We'll Be Together),0
1186,/song:someday-we-ll-be-together-cover,Someday We'll Be Together,0
1187,/song:someone,Someone,0
1188,/song:something,Something,1
1189,/song:something-about-you,Something About You,1
1190,/song:something-in-the-night,Something In The Night,120
1191,/song:something-s-gotta-break,Something's Gotta Break,2
1192,/song:some-things-just-don-t-change,Some Things Just Don't Change,2
1193,/song:something-you-got,Something You Got,9
1194,/song:sometimes-at-night,Sometimes At Night,1
1195,/song:somewhere-north-of-nashville,Somewhere North Of Nashville,1
1196,/song:so-much-style,So Much Style,1
1197,/song:song-for-orphans,Song For Orphans,6
1198,/song:son-of-a-preacher-man,Son Of A Preacher Man,2
1199,/song:soothe-me,Soothe Me,3
1200,/song:soul-days,Soul Days,0
1201,/song:soul-deep,Soul Deep,1
1202,/song:soul-driver,Soul Driver,47
1203,/song:sou-le-ciel-de-paris,Sou Le Ciel De Paris,0
1204,/song:soul-freakout,Soul Freakout,0
1205,/song:soul-man,Soul Man,14
1206,/song:souls-of-the-departed,Souls Of The Departed,107
1207,/song:southern-sun,Southern Sun,2
1208,/song:southside-shuffle,Southside Shuffle,1
1209,/song:south-street,South Street,2
1210,/song:so-young-and-in-love,So Young And In Love,17
1211,/song:spanish-dancer,Spanish Dancer,5
1212,/song:spanish-dreams,Spanish Dreams,1
1213,/song:spanish-eyes,Spanish Eyes,3
1214,/song:spanish-harlem,Spanish Harlem,4
1215,/song:spare-parts,Spare Parts,137
1216,/song:spider-fingers,Spider Fingers,2
1217,/song:spill-the-wine,Spill The Wine,1
1218,/song:spirit-in-the-night,Spirit In The Night,607
1219,/song:spoonful,Spoonful,1
1220,/song:stagger-lee,Stagger Lee,0
1221,/song:stand-by-me,Stand By Me,20
1222,/song:stand-on-it,Stand On It,46
1223,/song:start-me-up,Start Me Up,1
1224,/song:state-trooper,State Trooper,46
1225,/song:stay,Stay,5
1226,/song:stayin-alive,Stayin' Alive,5
1227,/song:ste-genevieve,Ste. Genevieve,1
1228,/song:stems-and-seeds,Stems And Seeds,1
1229,/song:steve-s-song,Steve's Song,1
1230,/song:stolen-car,Stolen Car,107
1231,/song:stolen-car-vs-1,Stolen Car (Vs.1),0
1232,/song:stones,Stones,1
1233,/song:stop-in-the-name-of-love,Stop! In The Name Of Love,1
1234,/song:straight-time,Straight Time,131
1235,/song:stranger-on-the-shore,Stranger On The Shore,1
1236,/song:stray-bullet,Stray Bullet,0
1237,/song:street-fighting-man,Street Fighting Man,28
1238,/song:street-hassle,Street Hassle,0
1239,/song:streets-of-fire,Streets Of Fire,79
1240,/song:streets-of-philadelphia,Streets Of Philadelphia,98
1241,/song:substitute,Substitute,1
1242,/song:sufferin-in-the-land,Sufferin' In The Land,1
1243,/song:suffragette-city,Suffragette City,1
1244,/song:sugarland,Sugarland,2
1245,/song:sugar-sugar,"Sugar, Sugar",6
1246,/song:summer-on-signal-hill,Summer On Signal Hill,0
1247,/song:summer-soldier-holler-if-ya-hear-me,Summer Soldier (Holler If Ya Hear Me),0
1248,/song:summertime,Summertime,2
1249,/song:summertime-blues,Summertime Blues,42
1250,/song:sun-city,Sun City,6
1251,/song:sundown,Sundown,1
1252,/song:sunline,Sunline,1
1253,/song:sunshine-of-your-love,Sunshine Of Your Love,1
1254,/song:sure-can-feel-the-pain,Sure Can Feel The Pain,1
1255,/song:surfin-bird,Surfin' Bird,0
1256,/song:surfin-u-s-a,Surfin' U.S.A.,2
1257,/song:surprise-surprise,"Surprise, Surprise",19
1258,/song:suspicious-minds,Suspicious Minds,2
1259,/song:suzanne,Suzanne,1
1260,/song:suzie-q,Suzie Q,1
1261,/song:swallowed-up-in-the-belly-of-the-whale,Swallowed Up (In The Belly Of The Whale),0
1262,/song:sweet-baby-james,Sweet Baby James,0
1263,/song:sweet-caroline,Sweet Caroline,0
1264,/song:sweet-little-rock-and-roller,Sweet Little Rock And Roller,0
1265,/song:sweet-little-sixteen,Sweet Little Sixteen,25
1266,/song:sweet-melinda,Sweet Melinda,5
1267,/song:sweet-miss-sally,Sweet Miss Sally,2
1268,/song:sweet-soul-music,Sweet Soul Music,50
1269,/song:sweet-virginia,Sweet Virginia,1
1270,/song:swlabr,SWLABR,1
1271,/song:take-a-look-at-my-heart,Take A Look At My Heart,0
1272,/song:take-em-as-they-come,Take 'Em As They Come,24
1273,/song:take-it-easy,Take It Easy,5
1274,/song:take-me-out-to-the-ball-game,Take Me Out To The Ball Game,1
1275,/song:take-me-to-the-river,Take Me To The River,0
1276,/song:take-out-some-insurance,Take Out Some Insurance,1
1277,/song:talking-about-my-baby,Talking About My Baby,1
1278,/song:talking-to-the-king,Talking To The King,28
1279,/song:talk-show,Talk Show,0
1280,/song:talk-to-me,Talk To Me,36
1281,/song:talk-to-me-like-the-rain,Talk To Me Like The Rain,0
1282,/song:tallahassee-lassie,Tallahassee Lassie,0
1283,/song:taps,Taps,0
1284,/song:tarantella-napoletana,Tarantella Napoletana,0
1285,/song:teach-your-children,Teach Your Children,2
1286,/song:tell-him,Tell Him,12
1287,/song:tell-me,Tell Me,1
1288,/song:tell-me-why,Tell Me Why,5
1289,/song:temporarily-out-of-order,Temporarily Out Of Order,1
1290,/song:tenth-avenue-freeze-out,Tenth Avenue Freeze-Out,1211
1291,/song:tequila,Tequila,0
1292,/song:terry-s-song,Terry's Song,4
1293,/song:texas-blues-rocker,Texas Blues Rocker,1
1294,/song:that-black-snake-moan,That Black Snake Moan,0
1295,/song:that-s-amore,That's Amore,0
1296,/song:that-s-my-job,That's My Job,1
1297,/song:that-s-what-makes-us-great,That's What Makes Us Great,0
1298,/song:that-s-what-you-get,That's What You Get,0
1299,/song:the-59-sound,The '59 Sound,2
1300,/song:the-angel,The Angel,6
1301,/song:the-ballad-of-jed-clampett,The Ballad Of Jed Clampett,1
1302,/song:the-ballad-of-jesse-james,The Ballad Of Jesse James,5
1303,/song:the-band-s-just-boppin-the-blues,The Band's Just Boppin' The Blues,2
1304,/song:the-big-muddy,The Big Muddy,42
1305,/song:the-big-payback,The Big Payback,0
1306,/song:the-blue-danube,The Blue Danube,0
1307,/song:the-blues-is-my-business,The Blues Is My Business,1
1308,/song:the-boxer,The Boxer,1
1309,/song:the-boy-from-new-york-city,The Boy From New York City,9
1310,/song:the-brokenhearted,The Brokenhearted,4
1311,/song:the-comedians,The Comedians,5
1312,/song:the-daring-young-man-on-the-flying-trapeze,The Daring Young Man On The Flying Trapeze,4
1313,/song:the-dark-end-of-the-street,The Dark End Of The Street,1
1314,/song:the-earth-is-broken,The Earth Is Broken,1
1315,/song:the-end,The End,4
1316,/song:the-end-of-the-innocence,The End Of The Innocence,2
1317,/song:the-e-street-shuffle,The E Street Shuffle,217
1318,/song:the-fever,The Fever,68
1319,/song:the-fields-of-athenry,The Fields Of Athenry,0
1320,/song:the-fire-engines-are-returning-home,The Fire Engines Are Returning Home,0
1321,/song:the-fuse,The Fuse,35
1322,/song:the-ghost-of-tom-joad,The Ghost Of Tom Joad,502
1323,/song:the-godfather-love-theme,The Godfather Love Theme,0
1324,/song:the-good-the-bad-and-the-ugly,"The Good, The Bad And The Ugly",2
1325,/song:the-harder-they-come,The Harder They Come,2
1326,/song:the-hard-way,The Hard Way,0
1327,/song:the-hitter,The Hitter,61
1328,/song:the-honeymooners,The Honeymooners,0
1329,/song:the-house-is-rockin,The House Is Rockin',1
1330,/song:the-informer,The Informer,0
1331,/song:the-last-carnival,The Last Carnival,0
1332,/song:the-last-time,The Last Time,5
1333,/song:the-letter,The Letter,3
1334,/song:the-line,The Line,135
1335,/song:the-little-things-my-baby-does,The Little Things (My Baby Does),0
1336,/song:the-loco-motion,The Loco-Motion,1
1337,/song:the-long-goodbye,The Long Goodbye,6
1338,/song:the-mansion,The Mansion,0
1339,/song:the-man-who-got-away,The Man Who Got Away,0
1340,/song:them-changes,Them Changes,1
1341,/song:theme-from-shaft,Theme From Shaft,0
1342,/song:the-middle,The Middle,0
1343,/song:the-monkey-time,The Monkey Time,0
1344,/song:the-morning-another-morning,The Morning: Another Morning,1
1345,/song:the-new-timer,The New Timer,23
1346,/song:the-new-york-shuffle,The New York Shuffle,0
1347,/song:the-night-they-drove-old-dixie-down,The Night They Drove Old Dixie Down,1
1348,/song:then-she-kissed-me,Then She Kissed Me,17
1349,/song:the-patriot-game,The Patriot Game,1
1350,/song:the-power-of-prayer,The Power Of Prayer,0
1351,/song:the-price-you-pay,The Price You Pay,83
1352,/song:the-promise,The Promise,78
1353,/song:the-promised-land,The Promised Land,1517
1354,/song:there-goes-my-miracle,There Goes My Miracle,1
1355,/song:there-will-never-be-any-other-for-me-but-you,There Will Never Be Any Other For Me But You,33
1356,/song:the-rising,The Rising,1023
1357,/song:the-river,The River,724
1358,/song:the-star-spangled-banner,The Star-Spangled Banner,10
1359,/song:the-sun-ain-t-gonna-shine-anymore,The Sun Ain't Gonna Shine Anymore,0
1360,/song:the-tears-of-a-clown,The Tears Of A Clown,2
1361,/song:the-third-man-theme,The Third Man Theme,1
1362,/song:the-ties-that-bind,The Ties That Bind,359
1363,/song:the-times-they-are-a-changin,The Times They Are A-Changin',1
1364,/song:the-time-that-never-was,The Time That Never Was,0
1365,/song:the-tracks-of-my-tears,The Tracks Of My Tears,2
1366,/song:the-train-song,The Train Song,1
1367,/song:the-twist,The Twist,2
1368,/song:the-virgin-flower,The Virgin Flower,1
1369,/song:the-wall,The Wall,14
1370,/song:the-wanderer,The Wanderer,5
1371,/song:the-war-drags-on,The War Drags On,1
1372,/song:the-war-is-over,The War Is Over,5
1373,/song:the-war-song,The War Song,1
1374,/song:the-way,The Way,1
1375,/song:the-wayfarer,The Wayfarer,1
1376,/song:the-way-you-do-the-things-you-do,The Way You Do The Things You Do,34
1377,/song:the-weight,The Weight,1
1378,/song:the-wind-and-the-rain,The Wind And The Rain,2
1379,/song:the-window,The Window,1
1380,/song:the-wish,The Wish,301
1381,/song:the-wrestler,The Wrestler,22
1382,/song:the-yellow-rose-of-texas,The Yellow Rose Of Texas,0
1383,/song:this-depression,This Depression,12
1384,/song:this-hard-land,This Hard Land,289
1385,/song:this-is-my-confession,This Is My Confession,1
1386,/song:this-is-your-sword,This Is Your Sword,7
1387,/song:this-land-is-your-land,This Land Is Your Land,114
1388,/song:this-life,This Life,10
1389,/song:this-little-girl,This Little Girl,8
1390,/song:this-little-light-of-mine,This Little Light Of Mine,45
1391,/song:this-time-baby-s-gone-for-good,This Time Baby's Gone For Good,3
1392,/song:this-time-it-s-for-real,This Time It's For Real,16
1393,/song:thundercrack,Thundercrack,75
1394,/song:thunder-road,Thunder Road,1529
1395,/song:tiger-rose,Tiger Rose,2
1396,/song:till-there-was-you,Till There Was You,1
1397,/song:til-we-outnumber-em,'Til We Outnumber 'Em,0
1398,/song:time-is-on-my-side,Time Is On My Side,3
1399,/song:time-will-tell,Time Will Tell,2
1400,/song:tired-of-waiting-for-you,Tired Of Waiting For You,1
1401,/song:toad,Toad,1
1402,/song:tobacco-road,Tobacco Road,2
1403,/song:toccata-and-fugue-in-d-minor,Toccata And Fugue In D Minor,0
1404,/song:today-i-met-the-boy-i-m-gonna-marry,(Today I Met) The Boy I'm Gonna Marry,2
1405,/song:tokyo,Tokyo,6
1406,/song:to-love-somebody,To Love Somebody,1
1407,/song:tom-joad,Tom Joad,15
1408,/song:tomorrow-never-knows,Tomorrow Never Knows,1
1409,/song:tonight,Tonight,6
1410,/song:tougher-than-the-rest,Tougher Than The Rest,403
1411,/song:town-called-heartbreak,Town Called Heartbreak,12
1412,/song:tragedy,Tragedy,0
1413,/song:train-kept-a-rollin,Train Kept A-Rollin',0
1414,/song:train-ride,Train Ride,5
1415,/song:trapped,Trapped,267
1416,/song:trapped-again,Trapped Again,1
1417,/song:travelin-band,Travelin' Band,26
1418,/song:treat-her-right,Treat Her Right,4
1419,/song:troubadour,Troubadour,1
1420,/song:trouble-in-paradise,Trouble In Paradise,0
1421,/song:trouble-river,Trouble River,7
1422,/song:true-companion,True Companion,1
1423,/song:tubular-bells,Tubular Bells,0
1424,/song:tucson-train,Tucson Train,1
1425,/song:tumbling-dice,Tumbling Dice,3
1426,/song:tunnel-of-love,Tunnel Of Love,126
1427,/song:tupelo-honey,Tupelo Honey,2
1428,/song:turn-back-the-hands-of-time,Turn Back The Hands Of Time,1
1429,/song:turn-on-your-love-light,Turn On Your Love Light,3
1430,/song:turn-turn-turn-to-everything-there-is-a-season,Turn! Turn! Turn! (To Everything There Is A Season),5
1431,/song:tutti-frutti,Tutti Frutti,1
1432,/song:tv-movie,TV Movie,5
1433,/song:twenty-five-miles,Twenty-Five Miles,1
1434,/song:twenty-flight-rock,Twenty Flight Rock,1
1435,/song:twenty-more-miles,Twenty More Miles,4
1436,/song:twist-and-shout,Twist And Shout,433
1437,/song:twistin-the-night-away,Twistin' The Night Away,5
1438,/song:twist-twist-senora,"Twist, Twist, Senora",1
1439,/song:two-faces,Two Faces,66
1440,/song:two-for-the-road,Two For The Road,7
1441,/song:two-hearts,Two Hearts,485
1442,/song:unchained-melody,Unchained Melody,0
1443,/song:under-my-thumb,Under My Thumb,1
1444,/song:under-the-boardwalk,Under The Boardwalk,5
1445,/song:unknown,Unknown Song,40
1446,/song:unsatisfied-heart,Unsatisfied Heart,0
1447,/song:until-the-good-is-gone,Until The Good Is Gone,4
1448,/song:until-the-rain-comes,Until The Rain Comes,1
1449,/song:up-on-cripple-creek,Up On Cripple Creek,2
1450,/song:up-on-the-roof,Up On The Roof,7
1451,/song:upon-this-day,Upon This Day,1
1452,/song:uptight-everything-s-alright,Uptight (Everything's Alright),1
1453,/song:uptown,Uptown,3
1454,/song:up-to-you,Up To You,1
1455,/song:used-cars,Used Cars,38
1456,/song:valentine,Valentine,0
1457,/song:valentine-s-day,Valentine's Day,9
1458,/song:valerie,Valerie,4
1459,/song:vigilante-man,Vigilante Man,6
1460,/song:visitation-at-fort-horn,Visitation At Fort Horn,1
1461,/song:vi-skal-ikkje-sove-bort-sumarnatta,Vi Skal Ikkje Sove Bort Sumarnatta,0
1462,/song:viva-las-vegas,Viva Las Vegas,10
1463,/song:voodoo-child-slight-return,Voodoo Child (Slight Return),1
1464,/song:wabash-cannonball,Wabash Cannonball,0
1465,/song:wages-of-sin,Wages Of Sin,2
1466,/song:waiting-on-the-end-of-the-world,Waiting On The End Of The World,0
1467,/song:waitin-on-a-sunny-day,Waitin' On A Sunny Day,457
1468,/song:wake-me-shake-me,"Wake Me, Shake Me",1
1469,/song:walk-don-t-run,"Walk, Don't Run",1
1470,/song:walking-in-the-rain,Walking In The Rain,5
1471,/song:walking-the-dog,Walking The Dog,28
1472,/song:walking-through-midnight,Walking Through Midnight,0
1473,/song:walk-like-a-man,Walk Like A Man,35
1474,/song:waltz-across-texas,Waltz Across Texas,1
1475,/song:wanted-dead-or-alive,Wanted Dead Or Alive,1
1476,/song:war,War,101
1477,/song:warm-and-tender-love,Warm And Tender Love,1
1478,/song:wasted-days,Wasted Days,0
1479,/song:water-station,Water Station,1
1480,/song:wayfaring-stranger,Wayfaring Stranger,1
1481,/song:we-ain-t-got-nothin-yet,(We Ain't Got) Nothin' Yet,1
1482,/song:we-are-alive,We Are Alive,68
1483,/song:we-are-the-world,We Are The World,0
1484,/song:wear-my-ring-around-your-neck,Wear My Ring Around Your Neck,14
1485,/song:wedding-bells,Wedding Bells,2
1486,/song:wedding-march,Wedding March,1
1487,/song:we-gotta-get-out-of-this-place,We Gotta Get Out Of This Place,7
1488,/song:welcome-to-the-world,Welcome To The World,4
1489,/song:we-ll-all-man-the-guns,We'll All Man The Guns,1
1490,/song:well-may-the-world-go,Well May The World Go,1
1491,/song:wendy,Wendy,3
1492,/song:we-re-gonna-have-a-real-good-time-together,We're Gonna Have A Real Good Time Together,1
1493,/song:werewolves-of-london,Werewolves Of London,1
1494,/song:we-shall-overcome,We Shall Overcome,45
1495,/song:western-stars,Western Stars,1
1496,/song:we-take-care-of-our-own,We Take Care Of Our Own,156
1497,/song:we-ve-got-the-love,We've Got The Love,0
1498,/song:we-ve-got-to-do-it-now,We've Got To Do It Now,1
1499,/song:we-wanna-boogie,We Wanna Boogie,1
1500,/song:what-becomes-of-the-brokenhearted,What Becomes Of The Brokenhearted,0
1501,/song:what-did-you-do-in-the-war,What Did You Do In The War,10
1502,/song:what-d-i-say,What'd I Say,2
1503,/song:what-love-can-do,What Love Can Do,3
1504,/song:what-s-so-funny-bout-peace-love-and-understanding,"(What's So Funny 'Bout) Peace, Love And Understanding",14
1505,/song:what-s-your-name,What's Your Name,2
1506,/song:when-i-grow-up-to-be-a-man,When I Grow Up (To Be A Man),1
1507,/song:when-i-leave-berlin,When I Leave Berlin,2
1508,/song:when-she-walks,When She Walks,1
1509,/song:when-she-was-my-girl,When She Was My Girl,0
1510,/song:when-something-is-wrong-with-my-baby,When Something Is Wrong With My Baby,3
1511,/song:when-the-lights-go-out,When The Lights Go Out,2
1512,/song:when-the-saints-go-marching-in,When The Saints Go Marching In,64
1513,/song:when-will-i-be-loved,When Will I Be Loved,0
1514,/song:when-you-dance,When You Dance,10
1515,/song:when-you-need-me,When You Need Me,1
1516,/song:when-you-re-alone,When You're Alone,17
1517,/song:when-you-walk-in-the-room,When You Walk In The Room,20
1518,/song:when-you-walk-with-me,When You Walk With Me,1
1519,/song:where-the-bands-are,Where The Bands Are,44
1520,/song:where-the-streets-have-no-name,Where The Streets Have No Name,1
1521,/song:where-was-jesus-in-ohio,Where Was Jesus In Ohio,1
1522,/song:whip-my-hair,Whip My Hair,1
1523,/song:white-christmas,White Christmas,1
1524,/song:white-lines,White Lines,0
1525,/song:whitetown,Whitetown,0
1526,/song:who-do-you-love,Who Do You Love,23
1527,/song:whole-lotta-love,Whole Lotta Love,3
1528,/song:whole-lotta-shakin-goin-on,Whole Lotta Shakin' Goin' On,5
1529,/song:who-ll-stop-the-rain,Who'll Stop The Rain,154
1530,/song:who-says-you-can-t-go-home,Who Says You Can't Go Home,1
1531,/song:why-do-lovers-break-each-other-s-hearts,Why Do Lovers Break Each Other's Hearts,0
1532,/song:why-d-you-do-that,Why'd You Do That,3
1533,/song:why-s-it-so-hard,Why's It So Hard,1
1534,/song:wild-billy-s-circus-story,Wild Billy's Circus Story,48
1535,/song:wild-in-the-streets,Wild In The Streets,5
1536,/song:wild-thing,Wild Thing,3
1537,/song:willie-and-the-hand-jive,Willie And The Hand Jive,1
1538,/song:will-the-circle-be-unbroken,Will The Circle Be Unbroken,1
1539,/song:will-you-love-me-tomorrow,Will You Love Me Tomorrow,2
1540,/song:winchester-cathedral,Winchester Cathedral,0
1541,/song:wings-for-wheels,Wings For Wheels,5
1542,/song:winter-song,Winter Song,0
1543,/song:wipe-out,Wipe Out,2
1544,/song:with-a-girl-like-you,With A Girl Like You,1
1545,/song:with-a-little-help-from-my-friends,With A Little Help From My Friends,2
1546,/song:with-every-wish,With Every Wish,7
1547,/song:without-love,Without Love,3
1548,/song:without-you,Without You,0
1549,/song:woman-s-got-soul,Woman's Got Soul,1
1550,/song:wonderful-world,Wonderful World,3
1551,/song:won-t-get-fooled-again,Won't Get Fooled Again,2
1552,/song:wooly-bully,Wooly Bully,13
1553,/song:working-on-a-dream,Working On A Dream,106
1554,/song:working-on-the-building,Working On The Building,1
1555,/song:working-on-the-highway,Working On The Highway,427
1556,/song:worlds-apart,Worlds Apart,112
1557,/song:wrecking-ball,Wrecking Ball,264
1558,/song:wreck-on-the-highway,Wreck On The Highway,152
1559,/song:wrong-side-of-the-street,Wrong Side Of The Street,0
1560,/song:yankees-win,Yankees Win,1
1561,/song:you-better-be-nice-to-me-baby,"You Better Be Nice To Me, Baby",1
1562,/song:you-can-dig-it,You Can Dig It,2
1563,/song:you-can-look-but-you-better-not-touch,You Can Look (But You Better Not Touch),360
1564,/song:you-can-look-but-you-better-not-touch-vs-1,You Can Look (But You Better Not Touch) (Vs.1),0
1565,/song:you-can-t-always-get-what-you-want,You Can't Always Get What You Want,1
1566,/song:you-can-t-go-back,You Can't Go Back,0
1567,/song:you-can-t-judge-a-book-by-the-cover,You Can't Judge A Book By The Cover,1
1568,/song:you-can-t-sit-down,You Can't Sit Down,34
1569,/song:you-don-t-leave-me-no-choice,You Don't Leave Me No Choice,3
1570,/song:you-give-love-a-bad-name,You Give Love A Bad Name,1
1571,/song:you-know-my-love,You Know My Love,1
1572,/song:you-ll-be-comin-down,You'll Be Comin' Down,7
1573,/song:you-may-be-right,You May Be Right,1
1574,/song:you-mean-so-much-to-me,You Mean So Much To Me,15
1575,/song:you-never-can-tell,You Never Can Tell,8
1576,/song:youngstown,Youngstown,317
1577,/song:your-cheatin-heart,Your Cheatin' Heart,1
1578,/song:you-re-a-friend-of-mine,You're A Friend Of Mine,2
1579,/song:you-really-got-me,You Really Got Me,4
1580,/song:you-re-missing,You're Missing,111
1581,/song:you-re-the-one-that-done-it,You're The One That Done It,1
1582,/song:your-love,Your Love,1
1583,/song:your-love-keeps-lifting-me-higher-and-higher,(Your Love Keeps Lifting Me) Higher And Higher,22
1584,/song:your-own-worst-enemy,Your Own Worst Enemy,11
1585,/song:you-say-you-love-me,You Say You Love Me,1
1586,/song:you-send-me,You Send Me,1
1587,/song:you-sexy-thing,You Sexy Thing,2
1588,/song:you-shook-me-all-night-long,You Shook Me All Night Long,1
1589,/song:you-turn-me-on,You Turn Me On,1
1590,/song:you-ve-got-it,You've Got It,3
1591,/song:you-ve-lost-that-lovin-feelin,You've Lost That Lovin' Feelin',1
1592,/song:you-ve-really-got-a-hold-on-me,You've Really Got A Hold On Me,6
1593,/song:yum-yum-yum-i-want-some,Yum Yum Yum (I Want Some),1
1594,/song:zero-and-blind-terry,Zero And Blind Terry,9
1595,/song:zip-a-dee-doo-dah,Zip-A-Dee-Doo-Dah,1
1596,/song:zoom-theme,Zoom Theme,2
